"","word","version_with_order","ambiguity_type","dominance_right","sd_dominance"
"1","act","M1_a_M2_a","Polysemy",-0.555555555555556,1.23603308118261
"2","act","M1_a_M2_b","Polysemy",0.222222222222222,1.71593835683117
"3","act","M1_b_M2_a","Polysemy",0.1875,1.55857841210081
"4","act","M1_b_M2_b","Polysemy",-0.615384615384615,1.55662356498831
"5","act","M2_a_M1_a","Polysemy",0.5,1.22474487139159
"6","act","M2_a_M1_b","Polysemy",0,1.52752523165195
"7","act","M2_b_M1_a","Polysemy",-0.125,1.24642345475822
"8","act","M2_b_M1_b","Polysemy",-0.25,1.5
"9","appeal","M1_a_M2_a","Polysemy",0,1.4142135623731
"10","appeal","M1_a_M2_b","Polysemy",-0.5,1.58113883008419
"11","appeal","M1_b_M2_a","Polysemy",-0.363636363636364,1.56669890360128
"12","appeal","M1_b_M2_b","Polysemy",0,1.54919333848297
"13","appeal","M2_a_M1_a","Polysemy",-0.666666666666667,1.52752523165195
"14","appeal","M2_a_M1_b","Polysemy",-0.428571428571429,1.50457178749844
"15","appeal","M2_b_M1_a","Polysemy",0.142857142857143,2.03540097839643
"16","appeal","M2_b_M1_b","Polysemy",-0.461538461538462,1.45002210416397
"17","atmosphere","M1_a_M2_a","Polysemy",-0.666666666666667,1.30267789455786
"18","atmosphere","M1_a_M2_b","Polysemy",0.25,1.38873014965883
"19","atmosphere","M1_b_M2_a","Polysemy",-0.75,1.35680105059994
"20","atmosphere","M1_b_M2_b","Polysemy",-0.666666666666667,1.36626010212795
"21","atmosphere","M2_a_M1_a","Polysemy",0.615384615384615,1.38675049056307
"22","atmosphere","M2_a_M1_b","Polysemy",0.538461538461538,1.50639661750509
"23","atmosphere","M2_b_M1_a","Polysemy",-1,1.4142135623731
"24","atmosphere","M2_b_M1_b","Polysemy",-1.14285714285714,1.4638501094228
"25","bail","M1_a_M2_a","Homonymy",-1.22222222222222,0.97182531580755
"26","bail","M1_a_M2_b","Homonymy",-1.23076923076923,1.48064435037847
"27","bail","M1_b_M2_a","Homonymy",-1.72727272727273,0.467099366496914
"28","bail","M1_b_M2_b","Homonymy",-1.77777777777778,0.440958551844098
"29","bail","M2_a_M1_a","Homonymy",1.5,0.547722557505166
"30","bail","M2_a_M1_b","Homonymy",1.22222222222222,1.56347191994114
"31","bail","M2_b_M1_a","Homonymy",1.07692307692308,1.44115338424578
"32","bail","M2_b_M1_b","Homonymy",1.5,1.0690449676497
"33","band","M1_a_M2_a","Homonymy",0.571428571428571,1.51185789203691
"34","band","M1_a_M2_b","Homonymy",0.166666666666667,1.46680440124618
"35","band","M1_b_M2_a","Homonymy",0.384615384615385,1.55662356498831
"36","band","M1_b_M2_b","Homonymy",-0.5,1.60356745147455
"37","band","M2_a_M1_a","Homonymy",-1,1.30930734141595
"38","band","M2_a_M1_b","Homonymy",-0.111111111111111,1.36422546197874
"39","band","M2_b_M1_a","Homonymy",-1.55555555555556,1.0137937550497
"40","band","M2_b_M1_b","Homonymy",0.5,1.56669890360128
"41","bank","M1_a_M2_a","Homonymy",0.6,1.42984070596848
"42","bank","M1_a_M2_b","Homonymy",1.36363636363636,0.924416277737175
"43","bank","M1_b_M2_a","Homonymy",1,1.4142135623731
"44","bank","M1_b_M2_b","Homonymy",-0.1,1.66332999331662
"45","bank","M2_a_M1_a","Homonymy",0.1,1.66332999331662
"46","bank","M2_a_M1_b","Homonymy",-1.42857142857143,0.534522483824849
"47","bank","M2_b_M1_a","Homonymy",-0.875,1.5526475085203
"48","bank","M2_b_M1_b","Homonymy",-0.866666666666667,1.24594580635795
"49","barrier","M1_a_M2_a","Polysemy",0.166666666666667,1.46680440124618
"50","barrier","M1_a_M2_b","Polysemy",-0.571428571428571,1.13389341902768
"51","barrier","M1_b_M2_a","Polysemy",0.0833333333333333,1.37895436890245
"52","barrier","M1_b_M2_b","Polysemy",-1.125,1.35620268186054
"53","barrier","M2_a_M1_a","Polysemy",0.333333333333333,1.58113883008419
"54","barrier","M2_a_M1_b","Polysemy",-0.3,1.41813649241218
"55","barrier","M2_b_M1_a","Polysemy",1,0.816496580927726
"56","barrier","M2_b_M1_b","Polysemy",0.9,1.3703203194063
"57","bat","M1_a_M2_a","Homonymy",0.538461538461538,1.50639661750509
"58","bat","M1_a_M2_b","Homonymy",1,0.925820099772551
"59","bat","M1_b_M2_a","Homonymy",0.888888888888889,1.45296631451356
"60","bat","M1_b_M2_b","Homonymy",0,1.63299316185545
"61","bat","M2_a_M1_a","Homonymy",-0.5,1.38169855941551
"62","bat","M2_a_M1_b","Homonymy",-1.2,0.421637021355784
"63","bat","M2_b_M1_a","Homonymy",-1.1,0.875595035770913
"64","bat","M2_b_M1_b","Homonymy",-1.44444444444444,0.52704627669473
"65","beam","M1_a_M2_a","Polysemy",-0.714285714285714,1.25356634105602
"66","beam","M1_a_M2_b","Polysemy",-0.875,1.24642345475822
"67","beam","M1_b_M2_a","Polysemy",-0.636363636363636,1.12006493318265
"68","beam","M1_b_M2_b","Polysemy",-0.625,1.40788595317336
"69","beam","M2_a_M1_a","Polysemy",0.444444444444444,1.42400062421959
"70","beam","M2_a_M1_b","Polysemy",0.363636363636364,1.56669890360128
"71","beam","M2_b_M1_a","Polysemy",0.555555555555556,1.50923085635624
"72","beam","M2_b_M1_b","Polysemy",-0.266666666666667,1.43759057685652
"73","block","M1_a_M2_a","Polysemy",-0.636363636363636,1.12006493318265
"74","block","M1_a_M2_b","Polysemy",-0.875,1.24642345475822
"75","block","M1_b_M2_a","Polysemy",-0.615384615384615,1.70970082853022
"76","block","M1_b_M2_b","Polysemy",0.333333333333333,1.58113883008419
"77","block","M2_a_M1_a","Polysemy",0.555555555555556,1.50923085635624
"78","block","M2_a_M1_b","Polysemy",0.363636363636364,1.36181696807811
"79","block","M2_b_M1_a","Polysemy",0.75,1.16496474502144
"80","block","M2_b_M1_b","Polysemy",-0.222222222222222,1.48136573621926
"81","blood","M1_a_M2_a","Polysemy",-1.16666666666667,1.11464085804543
"82","blood","M1_a_M2_b","Polysemy",-0.8,1.6431676725155
"83","blood","M1_b_M2_a","Polysemy",-0.5,1.30930734141595
"84","blood","M1_b_M2_b","Polysemy",-0.375,1.76776695296637
"85","blood","M2_a_M1_a","Polysemy",0.142857142857143,1.77281052085584
"86","blood","M2_a_M1_b","Polysemy",0.125,1.62788205960997
"87","blood","M2_b_M1_a","Polysemy",0.636363636363636,1.36181696807811
"88","blood","M2_b_M1_b","Polysemy",0.0909090909090909,1.300349603341
"89","board","M1_a_M2_a","Polysemy",-0.714285714285714,1.25356634105602
"90","board","M1_a_M2_b","Polysemy",0.222222222222222,1.48136573621926
"91","board","M1_b_M2_a","Polysemy",0.333333333333333,1.3228756555323
"92","board","M1_b_M2_b","Polysemy",-0.866666666666667,1.24594580635795
"93","board","M2_a_M1_a","Polysemy",0.142857142857143,2.03540097839643
"94","board","M2_a_M1_b","Polysemy",-0.0833333333333333,1.56427928995103
"95","board","M2_b_M1_a","Polysemy",-1,1.22474487139159
"96","board","M2_b_M1_b","Polysemy",0.9,1.3703203194063
"97","book","M1_a_M2_a","Polysemy",-1,1.30930734141595
"98","book","M1_a_M2_b","Polysemy",-0.857142857142857,0.899735410842437
"99","book","M1_b_M2_a","Polysemy",-0.222222222222222,1.71593835683117
"100","book","M1_b_M2_b","Polysemy",-1.08333333333333,1.08362466945083
"101","book","M2_a_M1_a","Polysemy",1.1,1.19721899973786
"102","book","M2_a_M1_b","Polysemy",0.4,1.26491106406735
"103","book","M2_b_M1_a","Polysemy",0.7,1.70293863659264
"104","book","M2_b_M1_b","Polysemy",1.25,0.866025403784439
"105","break","M1_a_M2_a","Polysemy",-1.44444444444444,1.0137937550497
"106","break","M1_a_M2_b","Polysemy",-1.17647058823529,0.727606875108999
"107","break","M1_b_M2_a","Polysemy",-0.285714285714286,1.88982236504614
"108","break","M1_b_M2_b","Polysemy",-0.142857142857143,1.4638501094228
"109","break","M2_a_M1_a","Polysemy",0.8,1.31656117720877
"110","break","M2_a_M1_b","Polysemy",0.333333333333333,1.50554530541816
"111","break","M2_b_M1_a","Polysemy",0.727272727272727,1.42062726222673
"112","break","M2_b_M1_b","Polysemy",0.272727272727273,1.27207775634268
"113","breakfast","M1_a_M2_a","Polysemy",0.3,1.63639169448448
"114","breakfast","M1_a_M2_b","Polysemy",-0.5,1.60356745147455
"115","breakfast","M1_b_M2_a","Polysemy",0.4,1.81659021245849
"116","breakfast","M1_b_M2_b","Polysemy",-1.625,0.517549169506766
"117","breakfast","M2_a_M1_a","Polysemy",-0.555555555555556,1.50923085635624
"118","breakfast","M2_a_M1_b","Polysemy",-0.222222222222222,1.71593835683117
"119","breakfast","M2_b_M1_a","Polysemy",0.133333333333333,1.4573295865416
"120","breakfast","M2_b_M1_b","Polysemy",0.714285714285714,1.38278266986823
"121","call","M1_a_M2_a","Polysemy",-1.25,0.5
"122","call","M1_a_M2_b","Polysemy",-1.6,0.547722557505166
"123","call","M1_b_M2_a","Polysemy",-1.92857142857143,0.267261241912424
"124","call","M1_b_M2_b","Polysemy",-1.9,0.316227766016838
"125","call","M2_a_M1_a","Polysemy",1.61538461538462,0.506369683541833
"126","call","M2_a_M1_b","Polysemy",1.4375,0.51234753829798
"127","call","M2_b_M1_a","Polysemy",1.125,1.35620268186054
"128","call","M2_b_M1_b","Polysemy",1.625,0.517549169506766
"129","cape","M1_a_M2_a","Homonymy",-1.71428571428571,0.468807230938495
"130","cape","M1_a_M2_b","Homonymy",-1,1.4142135623731
"131","cape","M1_b_M2_a","Homonymy",-1.69230769230769,0.480384461415261
"132","cape","M1_b_M2_b","Homonymy",-1.66666666666667,0.5
"133","cape","M2_a_M1_a","Homonymy",1.45454545454545,0.934198732993827
"134","cape","M2_a_M1_b","Homonymy",1,0.925820099772551
"135","cape","M2_b_M1_a","Homonymy",1.18181818181818,1.40129809949074
"136","cape","M2_b_M1_b","Homonymy",1.4,0.547722557505166
"137","case","M1_a_M2_a","Homonymy",0.5,1.56669890360128
"138","case","M1_a_M2_b","Homonymy",0.777777777777778,1.39443337755679
"139","case","M1_b_M2_a","Homonymy",0.6,1.42984070596848
"140","case","M1_b_M2_b","Homonymy",0.8,1.09544511501033
"141","case","M2_a_M1_a","Homonymy",-0.6,1.42984070596848
"142","case","M2_a_M1_b","Homonymy",-0.666666666666667,1.58113883008419
"143","case","M2_b_M1_a","Homonymy",-0.230769230769231,1.42325016270543
"144","case","M2_b_M1_b","Homonymy",0.6,1.42984070596848
"145","cast","M1_a_M2_a","Polysemy",-0.833333333333333,1.40345893053447
"146","cast","M1_a_M2_b","Polysemy",-1,1.4142135623731
"147","cast","M1_b_M2_a","Polysemy",-0.777777777777778,1.39443337755679
"148","cast","M1_b_M2_b","Polysemy",-0.833333333333333,0.983192080250175
"149","cast","M2_a_M1_a","Polysemy",0.5,1.35400640077266
"150","cast","M2_a_M1_b","Polysemy",0.444444444444444,1.42400062421959
"151","cast","M2_b_M1_a","Polysemy",0.692307692307692,1.43669849450139
"152","cast","M2_b_M1_b","Polysemy",-0.111111111111111,1.61589328580544
"153","cause","M1_a_M2_a","Polysemy",-0.5,1.35400640077266
"154","cause","M1_a_M2_b","Polysemy",0,1.69030850945703
"155","cause","M1_b_M2_a","Polysemy",-0.454545454545455,1.43969693780576
"156","cause","M1_b_M2_b","Polysemy",0,1.56347191994114
"157","cause","M2_a_M1_a","Polysemy",0,1.61245154965971
"158","cause","M2_a_M1_b","Polysemy",0,1.0690449676497
"159","cause","M2_b_M1_a","Polysemy",-0.444444444444444,1.42400062421959
"160","cause","M2_b_M1_b","Polysemy",-0.363636363636364,1.36181696807811
"161","cell","M1_a_M2_a","Polysemy",0,1.92724822331886
"162","cell","M1_a_M2_b","Polysemy",0.0909090909090909,1.300349603341
"163","cell","M1_b_M2_a","Polysemy",-1,1.04446593573419
"164","cell","M1_b_M2_b","Polysemy",-0.666666666666667,1.3228756555323
"165","cell","M2_a_M1_a","Polysemy",0.166666666666667,1.46680440124618
"166","cell","M2_a_M1_b","Polysemy",-0.6,1.42984070596848
"167","cell","M2_b_M1_a","Polysemy",-0.272727272727273,1.27207775634268
"168","cell","M2_b_M1_b","Polysemy",-0.2,1.6431676725155
"169","charm","M1_a_M2_a","Polysemy",-0.4,1.34164078649987
"170","charm","M1_a_M2_b","Polysemy",0.833333333333333,1.40345893053447
"171","charm","M1_b_M2_a","Polysemy",-0.5,1.22474487139159
"172","charm","M1_b_M2_b","Polysemy",-0.4,1.71269767715535
"173","charm","M2_a_M1_a","Polysemy",1.14285714285714,1.0690449676497
"174","charm","M2_a_M1_b","Polysemy",1,0.925820099772551
"175","charm","M2_b_M1_a","Polysemy",-0.846153846153846,1.14354374979373
"176","charm","M2_b_M1_b","Polysemy",-0.2,1.31656117720877
"177","check","M1_a_M2_a","Polysemy",-0.625,1.68501801601221
"178","check","M1_a_M2_b","Polysemy",0,1.63299316185545
"179","check","M1_b_M2_a","Polysemy",-1.25,1.5
"180","check","M1_b_M2_b","Polysemy",-0.571428571428571,1.28388147753274
"181","check","M2_a_M1_a","Polysemy",1.2,1.30384048104053
"182","check","M2_a_M1_b","Polysemy",0.75,1.29099444873581
"183","check","M2_b_M1_a","Polysemy",0.142857142857143,1.40642169281549
"184","check","M2_b_M1_b","Polysemy",0.1,1.44913767461894
"185","chicken","M1_a_M2_a","Polysemy",-1.15384615384615,0.800640769025436
"186","chicken","M1_a_M2_b","Polysemy",-1,1.73205080756888
"187","chicken","M1_b_M2_a","Polysemy",-1.16666666666667,1.33711584684304
"188","chicken","M1_b_M2_b","Polysemy",-1.25,0.5
"189","chicken","M2_a_M1_a","Polysemy",1,1
"190","chicken","M2_a_M1_b","Polysemy",1.18181818181818,1.40129809949074
"191","chicken","M2_b_M1_a","Polysemy",0.333333333333333,1.50554530541816
"192","chicken","M2_b_M1_b","Polysemy",1,1.15470053837925
"193","class","M1_a_M2_a","Polysemy",1.25,1.5
"194","class","M1_a_M2_b","Polysemy",0.666666666666667,1.36626010212795
"195","class","M1_b_M2_a","Polysemy",1.27272727272727,0.467099366496914
"196","class","M1_b_M2_b","Polysemy",0.181818181818182,1.60113596038449
"197","class","M2_a_M1_a","Polysemy",-1.3125,1.19547758936195
"198","class","M2_a_M1_b","Polysemy",-1.14285714285714,1.40642169281549
"199","class","M2_b_M1_a","Polysemy",-1.22222222222222,0.97182531580755
"200","class","M2_b_M1_b","Polysemy",-0.571428571428571,1.13389341902768
"201","clear","M1_a_M2_a","Polysemy",-1.28571428571429,1.11269728052837
"202","clear","M1_a_M2_b","Polysemy",-0.461538461538462,1.45002210416397
"203","clear","M1_b_M2_a","Polysemy",0.4,1.26491106406735
"204","clear","M1_b_M2_b","Polysemy",-1.41666666666667,0.514928650544437
"205","clear","M2_a_M1_a","Polysemy",-0.454545454545455,1.43969693780576
"206","clear","M2_a_M1_b","Polysemy",-0.25,1.38873014965883
"207","clear","M2_b_M1_a","Polysemy",0.5,1.58113883008419
"208","clear","M2_b_M1_b","Polysemy",0,1.63299316185545
"209","clip","M1_a_M2_a","Homonymy",1,1.34164078649987
"210","clip","M1_a_M2_b","Homonymy",0,1.76383420737639
"211","clip","M1_b_M2_a","Homonymy",0.181818181818182,1.60113596038449
"212","clip","M1_b_M2_b","Homonymy",-1.2,1.30384048104053
"213","clip","M2_a_M1_a","Homonymy",0,1.18321595661992
"214","clip","M2_a_M1_b","Homonymy",0.125,1.80772153354911
"215","clip","M2_b_M1_a","Homonymy",-0.4,1.50554530541816
"216","clip","M2_b_M1_b","Homonymy",0.666666666666667,1.30267789455786
"217","clog","M1_a_M2_a","Polysemy",1.57142857142857,0.534522483824849
"218","clog","M1_a_M2_b","Polysemy",2,0
"219","clog","M1_b_M2_a","Polysemy",1.36363636363636,1.20604537831105
"220","clog","M1_b_M2_b","Polysemy",1.07692307692308,1.25575597825496
"221","clog","M2_a_M1_a","Polysemy",-1.85714285714286,0.377964473009227
"222","clog","M2_a_M1_b","Polysemy",-1.71428571428571,0.825420305855557
"223","clog","M2_b_M1_a","Polysemy",-1.11111111111111,1.53659074288215
"224","clog","M2_b_M1_b","Polysemy",-1.84615384615385,0.375533808099405
"225","cold","M1_a_M2_a","Polysemy",-1.07692307692308,1.25575597825496
"226","cold","M1_a_M2_b","Polysemy",0.125,1.80772153354911
"227","cold","M1_b_M2_a","Polysemy",-1.5,0.547722557505166
"228","cold","M1_b_M2_b","Polysemy",-1.46153846153846,0.877058019307029
"229","cold","M2_a_M1_a","Polysemy",1,1.30930734141595
"230","cold","M2_a_M1_b","Polysemy",1.38461538461538,1.12089707663561
"231","cold","M2_b_M1_a","Polysemy",0.857142857142857,1.3451854182691
"232","cold","M2_b_M1_b","Polysemy",0.7,1.49443411809733
"233","column","M1_a_M2_a","Polysemy",0.8,1.31656117720877
"234","column","M1_a_M2_b","Polysemy",0.666666666666667,1.3228756555323
"235","column","M1_b_M2_a","Polysemy",0.153846153846154,1.5191090506255
"236","column","M1_b_M2_b","Polysemy",-0.111111111111111,1.36422546197874
"237","column","M2_a_M1_a","Polysemy",-1.6,0.547722557505166
"238","column","M2_a_M1_b","Polysemy",0,1.4142135623731
"239","column","M2_b_M1_a","Polysemy",-0.5,1.58113883008419
"240","column","M2_b_M1_b","Polysemy",-0.235294117647059,1.52189896858768
"241","company","M1_a_M2_a","Polysemy",0.1,1.66332999331662
"242","company","M1_a_M2_b","Polysemy",-1.125,0.991031208965115
"243","company","M1_b_M2_a","Polysemy",-1.14285714285714,1.4638501094228
"244","company","M1_b_M2_b","Polysemy",-0.818181818181818,1.4709304414677
"245","company","M2_a_M1_a","Polysemy",0.714285714285714,1.20438758319299
"246","company","M2_a_M1_b","Polysemy",0,1.33333333333333
"247","company","M2_b_M1_a","Polysemy",1.375,0.517549169506766
"248","company","M2_b_M1_b","Polysemy",0.5,1.58113883008419
"249","cone","M1_a_M2_a","Polysemy",-0.285714285714286,1.54065777303929
"250","cone","M1_a_M2_b","Polysemy",0.3,1.63639169448448
"251","cone","M1_b_M2_a","Polysemy",-0.5,1.35400640077266
"252","cone","M1_b_M2_b","Polysemy",0.375,1.18773493916542
"253","cone","M2_a_M1_a","Polysemy",0.384615384615385,1.38675049056307
"254","cone","M2_a_M1_b","Polysemy",0.142857142857143,1.4638501094228
"255","cone","M2_b_M1_a","Polysemy",0.5,1.6431676725155
"256","cone","M2_b_M1_b","Polysemy",-0.4,1.50554530541816
"257","contribution","M1_a_M2_a","Polysemy",-0.4,1.54919333848297
"258","contribution","M1_a_M2_b","Polysemy",-0.5,1.30930734141595
"259","contribution","M1_b_M2_a","Polysemy",-0.555555555555556,1.23603308118261
"260","contribution","M1_b_M2_b","Polysemy",-0.444444444444444,1.42400062421959
"261","contribution","M2_a_M1_a","Polysemy",1,1.22474487139159
"262","contribution","M2_a_M1_b","Polysemy",0.444444444444444,1.66666666666667
"263","contribution","M2_b_M1_a","Polysemy",0.166666666666667,1.50489397711365
"264","contribution","M2_b_M1_b","Polysemy",-0.2,1.6431676725155
"265","count","M1_a_M2_a","Homonymy",1.11111111111111,1.2313975269104
"266","count","M1_a_M2_b","Homonymy",1.09090909090909,1.37510330190466
"267","count","M1_b_M2_a","Homonymy",1.33333333333333,1.211060141639
"268","count","M1_b_M2_b","Homonymy",1,1.30930734141595
"269","count","M2_a_M1_a","Homonymy",-1.6,0.516397779494322
"270","count","M2_a_M1_b","Homonymy",-1.5,0.52704627669473
"271","count","M2_b_M1_a","Homonymy",-0.666666666666667,1.80277563773199
"272","count","M2_b_M1_b","Homonymy",-1.66666666666667,0.516397779494322
"273","course","M1_a_M2_a","Polysemy",-0.9,1.59513148186739
"274","course","M1_a_M2_b","Polysemy",-0.777777777777778,1.39443337755679
"275","course","M1_b_M2_a","Polysemy",-1.36363636363636,0.924416277737175
"276","course","M1_b_M2_b","Polysemy",-1.53846153846154,0.877058019307029
"277","course","M2_a_M1_a","Polysemy",1,0
"278","course","M2_a_M1_b","Polysemy",1.55555555555556,0.52704627669473
"279","course","M2_b_M1_a","Polysemy",1.16666666666667,1.33711584684304
"280","course","M2_b_M1_b","Polysemy",0.916666666666667,0.996204919895622
"281","cross","M1_a_M2_a","Polysemy",-1.6,0.966091783079296
"282","cross","M1_a_M2_b","Polysemy",-1.66666666666667,0.5
"283","cross","M1_b_M2_a","Polysemy",-1.30769230769231,1.31558702896054
"284","cross","M1_b_M2_b","Polysemy",-1.71428571428571,0.487950036474267
"285","cross","M2_a_M1_a","Polysemy",1.4,1.26491106406735
"286","cross","M2_a_M1_b","Polysemy",-0.25,1.54478595163331
"287","cross","M2_b_M1_a","Polysemy",1.77777777777778,0.440958551844098
"288","cross","M2_b_M1_b","Polysemy",0.75,1.48804761828569
"289","date","M1_a_M2_a","Polysemy",0.0909090909090909,1.51357493732854
"290","date","M1_a_M2_b","Polysemy",-0.785714285714286,1.57765997255777
"291","date","M1_b_M2_a","Polysemy",0.272727272727273,1.4893561757289
"292","date","M1_b_M2_b","Polysemy",-0.333333333333333,1.50554530541816
"293","date","M2_a_M1_a","Polysemy",-0.428571428571429,1.39727626201154
"294","date","M2_a_M1_b","Polysemy",-0.181818181818182,1.16774841624228
"295","date","M2_b_M1_a","Polysemy",0,1.09544511501033
"296","date","M2_b_M1_b","Polysemy",-0.166666666666667,1.80067327475704
"297","degree","M1_a_M2_a","Polysemy",-0.888888888888889,1.45296631451356
"298","degree","M1_a_M2_b","Polysemy",-1.4,0.547722557505166
"299","degree","M1_b_M2_a","Polysemy",-1.55555555555556,0.52704627669473
"300","degree","M1_b_M2_b","Polysemy",-1.16666666666667,0.834847109936722
"301","degree","M2_a_M1_a","Polysemy",1.11111111111111,0.927960727138337
"302","degree","M2_a_M1_b","Polysemy",1,0.866025403784439
"303","degree","M2_b_M1_a","Polysemy",1.18181818181818,1.16774841624228
"304","degree","M2_b_M1_b","Polysemy",0.928571428571429,1.32805732697661
"305","design","M1_a_M2_a","Polysemy",0,1.73205080756888
"306","design","M1_a_M2_b","Polysemy",-0.222222222222222,1.20185042515466
"307","design","M1_b_M2_a","Polysemy",0.333333333333333,1.50554530541816
"308","design","M1_b_M2_b","Polysemy",-0.1,1.44913767461894
"309","design","M2_a_M1_a","Polysemy",0.75,1.57056253191863
"310","design","M2_a_M1_b","Polysemy",-0.285714285714286,1.60356745147455
"311","design","M2_b_M1_a","Polysemy",-0.642857142857143,1.15072838853303
"312","design","M2_b_M1_b","Polysemy",-0.615384615384615,1.38675049056307
"313","dinner","M1_a_M2_a","Polysemy",-0.4,1.34164078649987
"314","dinner","M1_a_M2_b","Polysemy",-0.0833333333333333,1.56427928995103
"315","dinner","M1_b_M2_a","Polysemy",0.166666666666667,1.46680440124618
"316","dinner","M1_b_M2_b","Polysemy",-0.25,1.66904592079256
"317","dinner","M2_a_M1_a","Polysemy",-0.636363636363636,1.12006493318265
"318","dinner","M2_a_M1_b","Polysemy",0.4,1.26491106406735
"319","dinner","M2_b_M1_a","Polysemy",-0.2,1.75119007154183
"320","dinner","M2_b_M1_b","Polysemy",-0.2,1.54919333848297
"321","drain","M1_a_M2_a","Polysemy",0.666666666666667,1.66969421987344
"322","drain","M1_a_M2_b","Polysemy",0.5,1.22474487139159
"323","drain","M1_b_M2_a","Polysemy",1.71428571428571,0.487950036474267
"324","drain","M1_b_M2_b","Polysemy",0.75,1.16496474502144
"325","drain","M2_a_M1_a","Polysemy",-1.125,0.991031208965115
"326","drain","M2_a_M1_b","Polysemy",-1.375,1.06066017177982
"327","drain","M2_b_M1_a","Polysemy",-0.941176470588235,1.34492510178514
"328","drain","M2_b_M1_b","Polysemy",-1.25,0.866025403784439
"329","draw","M1_a_M2_a","Polysemy",0.363636363636364,1.36181696807811
"330","draw","M1_a_M2_b","Polysemy",1.5,0.534522483824849
"331","draw","M1_b_M2_a","Polysemy",0.416666666666667,1.67648622440092
"332","draw","M1_b_M2_b","Polysemy",1.42857142857143,1.13389341902768
"333","draw","M2_a_M1_a","Polysemy",-1.36363636363636,0.924416277737175
"334","draw","M2_a_M1_b","Polysemy",-1.13333333333333,1.35576371027375
"335","draw","M2_b_M1_a","Polysemy",-1.83333333333333,0.408248290463863
"336","draw","M2_b_M1_b","Polysemy",-1.5,0.534522483824849
"337","dream","M1_a_M2_a","Polysemy",0,1.4142135623731
"338","dream","M1_a_M2_b","Polysemy",-1,1
"339","dream","M1_b_M2_a","Polysemy",-0.642857142857143,1.49908396938022
"340","dream","M1_b_M2_b","Polysemy",-1.25,1
"341","dream","M2_a_M1_a","Polysemy",0.125,1.5526475085203
"342","dream","M2_a_M1_b","Polysemy",0.777777777777778,1.39443337755679
"343","dream","M2_b_M1_a","Polysemy",1.18181818181818,1.16774841624228
"344","dream","M2_b_M1_b","Polysemy",1.375,1.06066017177982
"345","drill","M1_a_M2_a","Homonymy",0.75,1.29099444873581
"346","drill","M1_a_M2_b","Homonymy",0.444444444444444,1.66666666666667
"347","drill","M1_b_M2_a","Homonymy",-0.166666666666667,1.64224532179869
"348","drill","M1_b_M2_b","Homonymy",1.11111111111111,0.927960727138337
"349","drill","M2_a_M1_a","Homonymy",-0.5,1.6431676725155
"350","drill","M2_a_M1_b","Homonymy",-0.285714285714286,1.25356634105602
"351","drill","M2_b_M1_a","Homonymy",-1.15384615384615,0.800640769025436
"352","drill","M2_b_M1_b","Homonymy",-0.833333333333333,1.47196014438797
"353","examination","M1_a_M2_a","Polysemy",-1,1.4142135623731
"354","examination","M1_a_M2_b","Polysemy",-0.5,1.60356745147455
"355","examination","M1_b_M2_a","Polysemy",-0.307692307692308,1.49357598761135
"356","examination","M1_b_M2_b","Polysemy",-0.0833333333333333,1.56427928995103
"357","examination","M2_a_M1_a","Polysemy",1,1.5
"358","examination","M2_a_M1_b","Polysemy",0.142857142857143,1.77281052085584
"359","examination","M2_b_M1_a","Polysemy",0.444444444444444,1.3814835257889
"360","examination","M2_b_M1_b","Polysemy",-0.285714285714286,1.88982236504614
"361","fan","M1_a_M2_a","Homonymy",-1.75,0.462910049886276
"362","fan","M1_a_M2_b","Homonymy",-0.666666666666667,1
"363","fan","M1_b_M2_a","Homonymy",-1.22222222222222,1.30170827931778
"364","fan","M1_b_M2_b","Homonymy",0.272727272727273,1.4893561757289
"365","fan","M2_a_M1_a","Homonymy",0.555555555555556,1.50923085635624
"366","fan","M2_a_M1_b","Homonymy",0.428571428571429,1.71824938596845
"367","fan","M2_b_M1_a","Homonymy",0.777777777777778,1.092906420717
"368","fan","M2_b_M1_b","Homonymy",-0.25,1.34164078649987
"369","file","M1_a_M2_a","Homonymy",-0.363636363636364,1.56669890360128
"370","file","M1_a_M2_b","Homonymy",-1.33333333333333,0.5
"371","file","M1_b_M2_a","Homonymy",-2,0
"372","file","M1_b_M2_b","Homonymy",-0.666666666666667,1.3228756555323
"373","file","M2_a_M1_a","Homonymy",-0.0909090909090909,1.51357493732854
"374","file","M2_a_M1_b","Homonymy",0.833333333333333,1.47196014438797
"375","file","M2_b_M1_a","Homonymy",0.846153846153846,1.34450448407296
"376","file","M2_b_M1_b","Homonymy",1.53333333333333,0.516397779494322
"377","film","M1_a_M2_a","Polysemy",-1.14285714285714,0.377964473009227
"378","film","M1_a_M2_b","Polysemy",-1.1,1.19721899973786
"379","film","M1_b_M2_a","Polysemy",-1.38461538461538,0.869718492622904
"380","film","M1_b_M2_b","Polysemy",-0.8,1.09544511501033
"381","film","M2_a_M1_a","Polysemy",1.1,1.19721899973786
"382","film","M2_a_M1_b","Polysemy",0.8125,1.47054411698527
"383","film","M2_b_M1_a","Polysemy",1.33333333333333,1.63299316185545
"384","film","M2_b_M1_b","Polysemy",0.545454545454545,1.69491217257039
"385","fix","M1_a_M2_a","Polysemy",-0.916666666666667,0.996204919895622
"386","fix","M1_a_M2_b","Polysemy",-0.714285714285714,1.60356745147455
"387","fix","M1_b_M2_a","Polysemy",-1.69230769230769,0.480384461415261
"388","fix","M1_b_M2_b","Polysemy",-0.818181818181818,1.4709304414677
"389","fix","M2_a_M1_a","Polysemy",0.875,1.24642345475822
"390","fix","M2_a_M1_b","Polysemy",1.76923076923077,0.438529009653515
"391","fix","M2_b_M1_a","Polysemy",1.14285714285714,1.0690449676497
"392","fix","M2_b_M1_b","Polysemy",0.142857142857143,1.77281052085584
"393","foundation","M1_a_M2_a","Polysemy",-1.22222222222222,1.30170827931778
"394","foundation","M1_a_M2_b","Polysemy",-0.125,1.5526475085203
"395","foundation","M1_b_M2_a","Polysemy",-0.166666666666667,1.46680440124618
"396","foundation","M1_b_M2_b","Polysemy",0.285714285714286,1.60356745147455
"397","foundation","M2_a_M1_a","Polysemy",0.444444444444444,1.42400062421959
"398","foundation","M2_a_M1_b","Polysemy",0.5,1.6431676725155
"399","foundation","M2_b_M1_a","Polysemy",-0.5,1.26491106406735
"400","foundation","M2_b_M1_b","Polysemy",-0.727272727272727,1.1908743922773
"401","function","M1_a_M2_a","Polysemy",0,1.56892908110547
"402","function","M1_a_M2_b","Polysemy",-0.785714285714286,1.25137287246211
"403","function","M1_b_M2_a","Polysemy",-0.4,1.50554530541816
"404","function","M1_b_M2_b","Polysemy",-0.833333333333333,0.983192080250175
"405","function","M2_a_M1_a","Polysemy",0.333333333333333,1.50554530541816
"406","function","M2_a_M1_b","Polysemy",-0.153846153846154,1.5191090506255
"407","function","M2_b_M1_a","Polysemy",0.142857142857143,1.4638501094228
"408","function","M2_b_M1_b","Polysemy",0.75,1.48804761828569
"409","ground","M1_a_M2_a","Polysemy",-0.375,1.76776695296637
"410","ground","M1_a_M2_b","Polysemy",-1.5,0.52704627669473
"411","ground","M1_b_M2_a","Polysemy",-0.307692307692308,1.31558702896054
"412","ground","M1_b_M2_b","Polysemy",-1.2,1.20712172424443
"413","ground","M2_a_M1_a","Polysemy",-0.6,1.64654520469713
"414","ground","M2_a_M1_b","Polysemy",0.222222222222222,1.48136573621926
"415","ground","M2_b_M1_a","Polysemy",0.888888888888889,1.16666666666667
"416","ground","M2_b_M1_b","Polysemy",0.25,1.5
"417","guard","M1_a_M2_a","Polysemy",-0.166666666666667,1.46680440124618
"418","guard","M1_a_M2_b","Polysemy",-0.333333333333333,1.50554530541816
"419","guard","M1_b_M2_a","Polysemy",-1.06666666666667,1.16291915126588
"420","guard","M1_b_M2_b","Polysemy",-1,1.22474487139159
"421","guard","M2_a_M1_a","Polysemy",-0.571428571428571,1.51185789203691
"422","guard","M2_a_M1_b","Polysemy",0.2,1.6431676725155
"423","guard","M2_b_M1_a","Polysemy",0.3,1.41813649241218
"424","guard","M2_b_M1_b","Polysemy",0.9,1.3703203194063
"425","guide","M1_a_M2_a","Polysemy",0.538461538461538,1.50639661750509
"426","guide","M1_a_M2_b","Polysemy",0.5,1.22474487139159
"427","guide","M1_b_M2_a","Polysemy",0.555555555555556,1.50923085635624
"428","guide","M1_b_M2_b","Polysemy",-0.444444444444444,1.42400062421959
"429","guide","M2_a_M1_a","Polysemy",-0.5,1.30930734141595
"430","guide","M2_a_M1_b","Polysemy",-0.3125,1.40089257261219
"431","guide","M2_b_M1_a","Polysemy",-0.857142857142857,1.3451854182691
"432","guide","M2_b_M1_b","Polysemy",-0.5,1.35400640077266
"433","hail","M1_a_M2_a","Polysemy",-1.30769230769231,1.10940039245046
"434","hail","M1_a_M2_b","Polysemy",-1.28571428571429,0.487950036474267
"435","hail","M1_b_M2_a","Polysemy",-0.571428571428571,1.13389341902768
"436","hail","M1_b_M2_b","Polysemy",-1.3,0.948683298050514
"437","hail","M2_a_M1_a","Polysemy",1.08333333333333,0.792961461098759
"438","hail","M2_a_M1_b","Polysemy",1.125,0.991031208965115
"439","hail","M2_b_M1_a","Polysemy",1.16666666666667,0.834847109936722
"440","hail","M2_b_M1_b","Polysemy",0.777777777777778,1.39443337755679
"441","home","M1_a_M2_a","Polysemy",-0.636363636363636,1.36181696807811
"442","home","M1_a_M2_b","Polysemy",-0.25,1.38873014965883
"443","home","M1_b_M2_a","Polysemy",-0.875,1.80772153354911
"444","home","M1_b_M2_b","Polysemy",-1.08333333333333,1.08362466945083
"445","home","M2_a_M1_a","Polysemy",0.5,1.56669890360128
"446","home","M2_a_M1_b","Polysemy",1.5,0.547722557505166
"447","home","M2_b_M1_a","Polysemy",-0.285714285714286,1.60356745147455
"448","home","M2_b_M1_b","Polysemy",0.571428571428571,1.74154156796989
"449","intelligence","M1_a_M2_a","Polysemy",-1.22222222222222,0.97182531580755
"450","intelligence","M1_a_M2_b","Polysemy",-1.36363636363636,0.504524979109513
"451","intelligence","M1_b_M2_a","Polysemy",-0.615384615384615,1.38675049056307
"452","intelligence","M1_b_M2_b","Polysemy",-0.875,1.24642345475822
"453","intelligence","M2_a_M1_a","Polysemy",0.333333333333333,1.49602648308619
"454","intelligence","M2_a_M1_b","Polysemy",1.16666666666667,1.16904519445001
"455","intelligence","M2_b_M1_a","Polysemy",1.375,1.40788595317336
"456","intelligence","M2_b_M1_b","Polysemy",0.625,1.06066017177982
"457","issue","M1_a_M2_a","Polysemy",-1.23076923076923,0.832050294337844
"458","issue","M1_a_M2_b","Polysemy",-1.375,0.517549169506766
"459","issue","M1_b_M2_a","Polysemy",-1.42857142857143,0.534522483824849
"460","issue","M1_b_M2_b","Polysemy",-1.25,0.866025403784439
"461","issue","M2_a_M1_a","Polysemy",0.888888888888889,1.45296631451356
"462","issue","M2_a_M1_b","Polysemy",0.777777777777778,1.092906420717
"463","issue","M2_b_M1_a","Polysemy",1,1.4142135623731
"464","issue","M2_b_M1_b","Polysemy",1.3,0.948683298050514
"465","jam","M1_a_M2_a","Homonymy",0,1.73205080756888
"466","jam","M1_a_M2_b","Homonymy",-1.625,0.517549169506766
"467","jam","M1_b_M2_a","Homonymy",-0.5,1.58113883008419
"468","jam","M1_b_M2_b","Homonymy",-0.75,1.48804761828569
"469","jam","M2_a_M1_a","Homonymy",-0.0769230769230769,1.60527975036225
"470","jam","M2_a_M1_b","Homonymy",-0.333333333333333,1.58113883008419
"471","jam","M2_b_M1_a","Homonymy",0.375,1.50594061730772
"472","jam","M2_b_M1_b","Homonymy",0.692307692307692,1.25064086135971
"473","key","M1_a_M2_a","Polysemy",-0.615384615384615,1.55662356498831
"474","key","M1_a_M2_b","Polysemy",-1.4,0.966091783079296
"475","key","M1_b_M2_a","Polysemy",-1.14285714285714,1.0690449676497
"476","key","M1_b_M2_b","Polysemy",-0.6,1.64654520469713
"477","key","M2_a_M1_a","Polysemy",0.222222222222222,1.48136573621926
"478","key","M2_a_M1_b","Polysemy",1,1.30930734141595
"479","key","M2_b_M1_a","Polysemy",-0.272727272727273,1.4893561757289
"480","key","M2_b_M1_b","Polysemy",0.1,1.66332999331662
"481","lamb","M1_a_M2_a","Polysemy",-0.222222222222222,1.48136573621926
"482","lamb","M1_a_M2_b","Polysemy",-0.6,1.42984070596848
"483","lamb","M1_b_M2_a","Polysemy",0.75,1.25830573921179
"484","lamb","M1_b_M2_b","Polysemy",-0.916666666666667,1.24011240937215
"485","lamb","M2_a_M1_a","Polysemy",0.333333333333333,1.80277563773199
"486","lamb","M2_a_M1_b","Polysemy",-0.363636363636364,1.56669890360128
"487","lamb","M2_b_M1_a","Polysemy",0.5,1.58113883008419
"488","lamb","M2_b_M1_b","Polysemy",1.15384615384615,1.06818801763811
"489","lap","M1_a_M2_a","Homonymy",1.5,0.547722557505166
"490","lap","M1_a_M2_b","Homonymy",0.777777777777778,1.39443337755679
"491","lap","M1_b_M2_a","Homonymy",0.285714285714286,1.25356634105602
"492","lap","M1_b_M2_b","Homonymy",0.125,1.24642345475822
"493","lap","M2_a_M1_a","Homonymy",-0.75,1.13818036595899
"494","lap","M2_a_M1_b","Homonymy",-0.818181818181818,1.4709304414677
"495","lap","M2_b_M1_a","Homonymy",-1.16666666666667,1.11464085804543
"496","lap","M2_b_M1_b","Homonymy",-0.923076923076923,1.18754217199071
"497","load","M1_a_M2_a","Polysemy",0.75,1.48804761828569
"498","load","M1_a_M2_b","Polysemy",0.714285714285714,0.755928946018454
"499","load","M1_b_M2_a","Polysemy",0.5,1.6431676725155
"500","load","M1_b_M2_b","Polysemy",0.833333333333333,0.937436866561092
"501","load","M2_a_M1_a","Polysemy",-0.461538461538462,1.45002210416397
"502","load","M2_a_M1_b","Polysemy",-0.846153846153846,1.14354374979373
"503","load","M2_b_M1_a","Polysemy",-1.3,0.948683298050514
"504","load","M2_b_M1_b","Polysemy",-1.11111111111111,1.53659074288215
"505","lock","M1_a_M2_a","Homonymy",1.45454545454545,0.522232967867094
"506","lock","M1_a_M2_b","Homonymy",1.18181818181818,1.40129809949074
"507","lock","M1_b_M2_a","Homonymy",1.27272727272727,0.904534033733291
"508","lock","M1_b_M2_b","Homonymy",1.14285714285714,1.0690449676497
"509","lock","M2_a_M1_a","Homonymy",0.125,1.5526475085203
"510","lock","M2_a_M1_b","Homonymy",-1.23076923076923,1.09192842819834
"511","lock","M2_b_M1_a","Homonymy",-1.3,0.948683298050514
"512","lock","M2_b_M1_b","Homonymy",-1.42857142857143,0.534522483824849
"513","lunch","M1_a_M2_a","Polysemy",0.428571428571429,1.34245960914949
"514","lunch","M1_a_M2_b","Polysemy",-1.25,1.5
"515","lunch","M1_b_M2_a","Polysemy",0.833333333333333,1.47196014438797
"516","lunch","M1_b_M2_b","Polysemy",-0.777777777777778,1.39443337755679
"517","lunch","M2_a_M1_a","Polysemy",-0.357142857142857,1.44686094473747
"518","lunch","M2_a_M1_b","Polysemy",-0.555555555555556,1.23603308118261
"519","lunch","M2_b_M1_a","Polysemy",0.666666666666667,1.49747261825525
"520","lunch","M2_b_M1_b","Polysemy",0.4,1.71269767715535
"521","market","M1_a_M2_a","Polysemy",-0.8,1.31656117720877
"522","market","M1_a_M2_b","Polysemy",0,1.65144564768954
"523","market","M1_b_M2_a","Polysemy",-0.666666666666667,1.80277563773199
"524","market","M1_b_M2_b","Polysemy",-0.5,1.77951304200522
"525","market","M2_a_M1_a","Polysemy",0.571428571428571,1.51185789203691
"526","market","M2_a_M1_b","Polysemy",0.6,1.64654520469713
"527","market","M2_b_M1_a","Polysemy",0.125,1.5526475085203
"528","market","M2_b_M1_b","Polysemy",0.5,1.38169855941551
"529","match","M1_a_M2_a","Homonymy",0.4,1.54919333848297
"530","match","M1_a_M2_b","Homonymy",0.875,1.24642345475822
"531","match","M1_b_M2_a","Homonymy",0.4,1.50554530541816
"532","match","M1_b_M2_b","Homonymy",0.444444444444444,1.42400062421959
"533","match","M2_a_M1_a","Homonymy",0.333333333333333,1.03279555898864
"534","match","M2_a_M1_b","Homonymy",-0.1,1.66332999331662
"535","match","M2_b_M1_a","Homonymy",0.222222222222222,1.71593835683117
"536","match","M2_b_M1_b","Homonymy",-0.909090909090909,1.04446593573419
"537","medicine","M1_a_M2_a","Polysemy",-1.63636363636364,0.504524979109513
"538","medicine","M1_a_M2_b","Polysemy",-1,1.22474487139159
"539","medicine","M1_b_M2_a","Polysemy",-1.25,0.462910049886276
"540","medicine","M1_b_M2_b","Polysemy",-1.25,0.462910049886276
"541","medicine","M2_a_M1_a","Polysemy",1.27272727272727,0.904534033733291
"542","medicine","M2_a_M1_b","Polysemy",0.9,1.10050493461461
"543","medicine","M2_b_M1_a","Polysemy",1.30769230769231,0.85485041426511
"544","medicine","M2_b_M1_b","Polysemy",1,1.47709789175199
"545","message","M1_a_M2_a","Polysemy",0,1.4142135623731
"546","message","M1_a_M2_b","Polysemy",-0.111111111111111,1.36422546197874
"547","message","M1_b_M2_a","Polysemy",-0.333333333333333,1.03279555898864
"548","message","M1_b_M2_b","Polysemy",-1.07142857142857,1.20666646429076
"549","message","M2_a_M1_a","Polysemy",-0.0769230769230769,1.75411603861406
"550","message","M2_a_M1_b","Polysemy",-0.666666666666667,1
"551","message","M2_b_M1_a","Polysemy",0,1.27920429813366
"552","message","M2_b_M1_b","Polysemy",-0.428571428571429,1.98805959477601
"553","mold","M1_a_M2_a","Homonymy",-0.9,1.3703203194063
"554","mold","M1_a_M2_b","Homonymy",-0.285714285714286,1.60356745147455
"555","mold","M1_b_M2_a","Homonymy",-0.615384615384615,1.19292787840545
"556","mold","M1_b_M2_b","Homonymy",0.444444444444444,1.13038833052088
"557","mold","M2_a_M1_a","Homonymy",0.153846153846154,1.5191090506255
"558","mold","M2_a_M1_b","Homonymy",0.428571428571429,1.71824938596845
"559","mold","M2_b_M1_a","Homonymy",0,1.4142135623731
"560","mold","M2_b_M1_b","Homonymy",0.363636363636364,1.56669890360128
"561","mole","M1_a_M2_a","Homonymy",-1.25,0.5
"562","mole","M1_a_M2_b","Homonymy",0.125,1.5526475085203
"563","mole","M1_b_M2_a","Homonymy",-0.222222222222222,1.48136573621926
"564","mole","M1_b_M2_b","Homonymy",-0.266666666666667,1.27988094684437
"565","mole","M2_a_M1_a","Homonymy",0.545454545454545,1.69491217257039
"566","mole","M2_a_M1_b","Homonymy",0.3,1.63639169448448
"567","mole","M2_b_M1_a","Homonymy",0.555555555555556,1.23603308118261
"568","mole","M2_b_M1_b","Homonymy",0.0833333333333333,1.16450015288132
"569","movement","M1_a_M2_a","Polysemy",-0.9,1.3703203194063
"570","movement","M1_a_M2_b","Polysemy",-1,1.5
"571","movement","M1_b_M2_a","Polysemy",0.266666666666667,1.57963226582585
"572","movement","M1_b_M2_b","Polysemy",-0.1,1.44913767461894
"573","movement","M2_a_M1_a","Polysemy",0.333333333333333,1.50554530541816
"574","movement","M2_a_M1_b","Polysemy",-0.888888888888889,1.16666666666667
"575","movement","M2_b_M1_a","Polysemy",-0.416666666666667,1.50504203102489
"576","movement","M2_b_M1_b","Polysemy",-0.285714285714286,1.60356745147455
"577","newspaper","M1_a_M2_a","Polysemy",-0.428571428571429,1.39727626201154
"578","newspaper","M1_a_M2_b","Polysemy",-1.11111111111111,0.927960727138337
"579","newspaper","M1_b_M2_a","Polysemy",-1.3,1.25166555703457
"580","newspaper","M1_b_M2_b","Polysemy",-0.75,1.16496474502144
"581","newspaper","M2_a_M1_a","Polysemy",0.363636363636364,1.36181696807811
"582","newspaper","M2_a_M1_b","Polysemy",1.09090909090909,1.13618180363404
"583","newspaper","M2_b_M1_a","Polysemy",-0.533333333333333,1.35576371027375
"584","newspaper","M2_b_M1_b","Polysemy",0.714285714285714,1.60356745147455
"585","orange","M1_a_M2_a","Polysemy",-0.5,1.08012344973464
"586","orange","M1_a_M2_b","Polysemy",-0.333333333333333,1.50554530541816
"587","orange","M1_b_M2_a","Polysemy",-0.909090909090909,1.300349603341
"588","orange","M1_b_M2_b","Polysemy",-0.6,1.24211800681624
"589","orange","M2_a_M1_a","Polysemy",-0.666666666666667,1.58113883008419
"590","orange","M2_a_M1_b","Polysemy",0.142857142857143,1.4638501094228
"591","orange","M2_b_M1_a","Polysemy",-0.333333333333333,1.43548112513055
"592","orange","M2_b_M1_b","Polysemy",-0.375,1.50594061730772
"593","page","M1_a_M2_a","Homonymy",1.28571428571429,1.11269728052837
"594","page","M1_a_M2_b","Homonymy",1.06666666666667,1.33452327853522
"595","page","M1_b_M2_a","Homonymy",1.25,1.35680105059994
"596","page","M1_b_M2_b","Homonymy",1.45454545454545,1.21355975243384
"597","page","M2_a_M1_a","Homonymy",-2,0
"598","page","M2_a_M1_b","Homonymy",-1.5,0.97182531580755
"599","page","M2_b_M1_a","Homonymy",-2,0
"600","page","M2_b_M1_b","Homonymy",-1.625,0.517549169506766
"601","palm","M1_a_M2_a","Homonymy",0.272727272727273,1.4893561757289
"602","palm","M1_a_M2_b","Homonymy",-0.583333333333333,1.24011240937215
"603","palm","M1_b_M2_a","Homonymy",-0.666666666666667,2.06559111797729
"604","palm","M1_b_M2_b","Homonymy",-0.111111111111111,1.83333333333333
"605","palm","M2_a_M1_a","Homonymy",0.416666666666667,1.08362466945083
"606","palm","M2_a_M1_b","Homonymy",-1.16666666666667,1.16904519445001
"607","palm","M2_b_M1_a","Homonymy",1,1.34164078649987
"608","palm","M2_b_M1_b","Homonymy",0.363636363636364,1.36181696807811
"609","panel","M1_a_M2_a","Polysemy",-1,1.4142135623731
"610","panel","M1_a_M2_b","Polysemy",-1.77777777777778,0.440958551844098
"611","panel","M1_b_M2_a","Polysemy",0.111111111111111,1.36422546197874
"612","panel","M1_b_M2_b","Polysemy",-0.411764705882353,1.27763568405726
"613","panel","M2_a_M1_a","Polysemy",1.125,0.353553390593274
"614","panel","M2_a_M1_b","Polysemy",-0.5,1.30930734141595
"615","panel","M2_b_M1_a","Polysemy",0.636363636363636,1.36181696807811
"616","panel","M2_b_M1_b","Polysemy",-0.666666666666667,1.36626010212795
"617","passage","M1_a_M2_a","Polysemy",-0.636363636363636,1.56669890360128
"618","passage","M1_a_M2_b","Polysemy",-1.41666666666667,0.90033663737852
"619","passage","M1_b_M2_a","Polysemy",-0.142857142857143,1.4638501094228
"620","passage","M1_b_M2_b","Polysemy",-0.285714285714286,1.68379477228219
"621","passage","M2_a_M1_a","Polysemy",0.0714285714285714,1.6391501416323
"622","passage","M2_a_M1_b","Polysemy",-1.25,0.5
"623","passage","M2_b_M1_a","Polysemy",0.75,1.89296944860009
"624","passage","M2_b_M1_b","Polysemy",0.416666666666667,1.50504203102489
"625","pen","M1_a_M2_a","Homonymy",-0.285714285714286,1.25356634105602
"626","pen","M1_a_M2_b","Homonymy",0.375,1.18773493916542
"627","pen","M1_b_M2_a","Homonymy",-0.333333333333333,1.43548112513055
"628","pen","M1_b_M2_b","Homonymy",1,1.09544511501033
"629","pen","M2_a_M1_a","Homonymy",-0.833333333333333,1.40345893053447
"630","pen","M2_a_M1_b","Homonymy",-0.266666666666667,1.43759057685652
"631","pen","M2_b_M1_a","Homonymy",-0.307692307692308,1.31558702896054
"632","pen","M2_b_M1_b","Homonymy",-0.8,1.09544511501033
"633","perch","M1_a_M2_a","Homonymy",0.444444444444444,1.42400062421959
"634","perch","M1_a_M2_b","Homonymy",1.125,0.991031208965115
"635","perch","M1_b_M2_a","Homonymy",0.461538461538462,1.45002210416397
"636","perch","M1_b_M2_b","Homonymy",0,1.69030850945703
"637","perch","M2_a_M1_a","Homonymy",-0.9,1.10050493461461
"638","perch","M2_a_M1_b","Homonymy",-0.285714285714286,1.60356745147455
"639","perch","M2_b_M1_a","Homonymy",0.0833333333333333,1.37895436890245
"640","perch","M2_b_M1_b","Homonymy",-0.636363636363636,1.56669890360128
"641","pick","M1_a_M2_a","Polysemy",0,1.56347191994114
"642","pick","M1_a_M2_b","Polysemy",0.25,1.5
"643","pick","M1_b_M2_a","Polysemy",-0.5,1.56669890360128
"644","pick","M1_b_M2_b","Polysemy",0,1.47709789175199
"645","pick","M2_a_M1_a","Polysemy",0.857142857142857,0.899735410842437
"646","pick","M2_a_M1_b","Polysemy",0.4,1.50554530541816
"647","pick","M2_b_M1_a","Polysemy",-0.0909090909090909,1.51357493732854
"648","pick","M2_b_M1_b","Polysemy",-0.583333333333333,1.44337567297406
"649","pitcher","M1_a_M2_a","Homonymy",0,1.50554530541816
"650","pitcher","M1_a_M2_b","Homonymy",0,1.29099444873581
"651","pitcher","M1_b_M2_a","Homonymy",-0.375,1.50594061730772
"652","pitcher","M1_b_M2_b","Homonymy",-0.333333333333333,1.50554530541816
"653","pitcher","M2_a_M1_a","Homonymy",0.1,1.85292561462497
"654","pitcher","M2_a_M1_b","Homonymy",0,1.69030850945703
"655","pitcher","M2_b_M1_a","Homonymy",-0.25,1.35680105059994
"656","pitcher","M2_b_M1_b","Homonymy",-0.818181818181818,1.4709304414677
"657","poach","M1_a_M2_a","Homonymy",1.16666666666667,0.408248290463863
"658","poach","M1_a_M2_b","Homonymy",-0.833333333333333,1.19341628287971
"659","poach","M1_b_M2_a","Homonymy",0.642857142857143,1.78054195972172
"660","poach","M1_b_M2_b","Homonymy",0.0909090909090909,1.70026735865542
"661","poach","M2_a_M1_a","Homonymy",-1.25,0.866025403784439
"662","poach","M2_a_M1_b","Homonymy",-2,0
"663","poach","M2_b_M1_a","Homonymy",-0.75,1.25830573921179
"664","poach","M2_b_M1_b","Homonymy",-0.636363636363636,1.36181696807811
"665","port","M1_a_M2_a","Homonymy",-1.625,0.517549169506766
"666","port","M1_a_M2_b","Homonymy",-1.09090909090909,0.831209414593634
"667","port","M1_b_M2_a","Homonymy",-1.6,0.516397779494322
"668","port","M1_b_M2_b","Homonymy",-1.125,0.353553390593274
"669","port","M2_a_M1_a","Homonymy",1,1.34164078649987
"670","port","M2_a_M1_b","Homonymy",1.66666666666667,0.5
"671","port","M2_b_M1_a","Homonymy",0.888888888888889,1.16666666666667
"672","port","M2_b_M1_b","Homonymy",1.08333333333333,1.50504203102489
"673","position","M1_a_M2_a","Polysemy",0.5,1.58113883008419
"674","position","M1_a_M2_b","Polysemy",0.3,1.41813649241218
"675","position","M1_b_M2_a","Polysemy",0.5,1.55662356498831
"676","position","M1_b_M2_b","Polysemy",-0.166666666666667,1.26730446462585
"677","position","M2_a_M1_a","Polysemy",-0.3,1.41813649241218
"678","position","M2_a_M1_b","Polysemy",-0.125,1.5526475085203
"679","position","M2_b_M1_a","Polysemy",-0.25,1.5
"680","position","M2_b_M1_b","Polysemy",-0.4,1.71269767715535
"681","post","M1_a_M2_a","Homonymy",-0.777777777777778,1.64147630029935
"682","post","M1_a_M2_b","Homonymy",-0.272727272727273,1.27207775634268
"683","post","M1_b_M2_a","Homonymy",-0.692307692307692,1.43669849450139
"684","post","M1_b_M2_b","Homonymy",-0.583333333333333,1.24011240937215
"685","post","M2_a_M1_a","Homonymy",1.08333333333333,1.08362466945083
"686","post","M2_a_M1_b","Homonymy",1.55555555555556,1.0137937550497
"687","post","M2_b_M1_a","Homonymy",0.875,1.24642345475822
"688","post","M2_b_M1_b","Homonymy",-0.25,2.06155281280883
"689","punch","M1_a_M2_a","Homonymy",1.125,1.35620268186054
"690","punch","M1_a_M2_b","Homonymy",0.923076923076923,1.3821202589704
"691","punch","M1_b_M2_a","Homonymy",0.1,1.85292561462497
"692","punch","M1_b_M2_b","Homonymy",0.416666666666667,1.50504203102489
"693","punch","M2_a_M1_a","Homonymy",-1.25,1.38873014965883
"694","punch","M2_a_M1_b","Homonymy",-0.666666666666667,1.58113883008419
"695","punch","M2_b_M1_a","Homonymy",-1.11111111111111,1.26929551764398
"696","punch","M2_b_M1_b","Homonymy",-0.555555555555556,1.23603308118261
"697","pupil","M1_a_M2_a","Homonymy",1,1.27920429813366
"698","pupil","M1_a_M2_b","Homonymy",0.1,1.44913767461894
"699","pupil","M1_b_M2_a","Homonymy",1.16666666666667,1.11464085804543
"700","pupil","M1_b_M2_b","Homonymy",0,1.69030850945703
"701","pupil","M2_a_M1_a","Homonymy",-0.875,1.80772153354911
"702","pupil","M2_a_M1_b","Homonymy",-1.16666666666667,1.11464085804543
"703","pupil","M2_b_M1_a","Homonymy",-0.333333333333333,1.15470053837925
"704","pupil","M2_b_M1_b","Homonymy",-0.538461538461538,1.33012434352235
"705","push","M1_a_M2_a","Polysemy",1,1.15470053837925
"706","push","M1_a_M2_b","Polysemy",1.42857142857143,1.08940955880384
"707","push","M1_b_M2_a","Polysemy",1,1.30930734141595
"708","push","M1_b_M2_b","Polysemy",1.22222222222222,1.30170827931778
"709","push","M2_a_M1_a","Polysemy",-1.66666666666667,0.887625364598595
"710","push","M2_a_M1_b","Polysemy",-1.5,1.0690449676497
"711","push","M2_b_M1_a","Polysemy",-1.28571428571429,0.487950036474267
"712","push","M2_b_M1_b","Polysemy",-1.5,0.97182531580755
"713","racket","M1_a_M2_a","Homonymy",0.875,0.83452296039628
"714","racket","M1_a_M2_b","Homonymy",1.13333333333333,1.18723367940933
"715","racket","M1_b_M2_a","Homonymy",0,1.91485421551268
"716","racket","M1_b_M2_b","Homonymy",1.55555555555556,0.52704627669473
"717","racket","M2_a_M1_a","Homonymy",-1,1.54919333848297
"718","racket","M2_a_M1_b","Homonymy",-0.777777777777778,1.39443337755679
"719","racket","M2_b_M1_a","Homonymy",-0.7,1.49443411809733
"720","racket","M2_b_M1_b","Homonymy",-1.64285714285714,0.497245158098847
"721","rock","M1_a_M2_a","Homonymy",0,1.33333333333333
"722","rock","M1_a_M2_b","Homonymy",-0.2,2.04939015319192
"723","rock","M1_b_M2_a","Homonymy",-0.4,1.71269767715535
"724","rock","M1_b_M2_b","Homonymy",-0.375,1.50594061730772
"725","rock","M2_a_M1_a","Homonymy",0.4,1.50554530541816
"726","rock","M2_a_M1_b","Homonymy",-0.0769230769230769,1.75411603861406
"727","rock","M2_b_M1_a","Homonymy",-0.692307692307692,1.43669849450139
"728","rock","M2_b_M1_b","Homonymy",0.555555555555556,1.50923085635624
"729","run","M1_a_M2_a","Polysemy",-0.5,1.73205080756888
"730","run","M1_a_M2_b","Polysemy",-1.55555555555556,0.52704627669473
"731","run","M1_b_M2_a","Polysemy",-1.42857142857143,0.534522483824849
"732","run","M1_b_M2_b","Polysemy",-0.6,1.24211800681624
"733","run","M2_a_M1_a","Polysemy",1.30769230769231,1.10940039245046
"734","run","M2_a_M1_b","Polysemy",1.08333333333333,1.08362466945083
"735","run","M2_b_M1_a","Polysemy",0.181818181818182,1.40129809949074
"736","run","M2_b_M1_b","Polysemy",0.714285714285714,1.88982236504614
"737","sage","M1_a_M2_a","Homonymy",0.625,1.40788595317336
"738","sage","M1_a_M2_b","Homonymy",0.5,1.60356745147455
"739","sage","M1_b_M2_a","Homonymy",0.5,1.60356745147455
"740","sage","M1_b_M2_b","Homonymy",0.6,1.17378779077727
"741","sage","M2_a_M1_a","Homonymy",-0.6,1.64654520469713
"742","sage","M2_a_M1_b","Homonymy",-1.28571428571429,1.11269728052837
"743","sage","M2_b_M1_a","Homonymy",-0.8,1.52127765851133
"744","sage","M2_b_M1_b","Homonymy",-0.583333333333333,1.44337567297406
"745","scale","M1_a_M2_a","Homonymy",-0.166666666666667,1.72240142436851
"746","scale","M1_a_M2_b","Homonymy",0.2,1.31656117720877
"747","scale","M1_b_M2_a","Homonymy",0.166666666666667,1.26730446462585
"748","scale","M1_b_M2_b","Homonymy",0.363636363636364,1.36181696807811
"749","scale","M2_a_M1_a","Homonymy",0,1.4142135623731
"750","scale","M2_a_M1_b","Homonymy",-0.2,1.31656117720877
"751","scale","M2_b_M1_a","Homonymy",-0.25,1.13818036595899
"752","scale","M2_b_M1_b","Homonymy",-0.444444444444444,1.87823794493077
"753","scene","M1_a_M2_a","Polysemy",-1,1.54919333848297
"754","scene","M1_a_M2_b","Polysemy",-0.9,1.10050493461461
"755","scene","M1_b_M2_a","Polysemy",-1.54545454545455,0.522232967867094
"756","scene","M1_b_M2_b","Polysemy",-1.5,0.52704627669473
"757","scene","M2_a_M1_a","Polysemy",0.3,1.15950180872841
"758","scene","M2_a_M1_b","Polysemy",0.142857142857143,1.77281052085584
"759","scene","M2_b_M1_a","Polysemy",0.75,1.13818036595899
"760","scene","M2_b_M1_b","Polysemy",1,1.04446593573419
"761","seal","M1_a_M2_a","Homonymy",0,1.73205080756888
"762","seal","M1_a_M2_b","Homonymy",0.285714285714286,1.60356745147455
"763","seal","M1_b_M2_a","Homonymy",0.3,1.41813649241218
"764","seal","M1_b_M2_b","Homonymy",0.846153846153846,1.14354374979373
"765","seal","M2_a_M1_a","Homonymy",-0.3,1.63639169448448
"766","seal","M2_a_M1_b","Homonymy",-0.111111111111111,1.56764675225935
"767","seal","M2_b_M1_a","Homonymy",-0.75,1.48804761828569
"768","seal","M2_b_M1_b","Homonymy",-0.444444444444444,1.42400062421959
"769","serve","M1_a_M2_a","Polysemy",-1.41666666666667,1.16450015288132
"770","serve","M1_a_M2_b","Polysemy",-1.53846153846154,0.877058019307029
"771","serve","M1_b_M2_a","Polysemy",-1.09090909090909,1.13618180363404
"772","serve","M1_b_M2_b","Polysemy",-0.333333333333333,2.08166599946613
"773","serve","M2_a_M1_a","Polysemy",1.16666666666667,1.33711584684304
"774","serve","M2_a_M1_b","Polysemy",1.25,1.38873014965883
"775","serve","M2_b_M1_a","Polysemy",1,1.4142135623731
"776","serve","M2_b_M1_b","Polysemy",0.0833333333333333,1.72986249234563
"777","sing","M1_a_M2_a","Polysemy",-0.833333333333333,1.19341628287971
"778","sing","M1_a_M2_b","Polysemy",-1.8,0.447213595499958
"779","sing","M1_b_M2_a","Polysemy",-0.583333333333333,1.44337567297406
"780","sing","M1_b_M2_b","Polysemy",-1.88888888888889,0.333333333333333
"781","sing","M2_a_M1_a","Polysemy",0.333333333333333,1.3228756555323
"782","sing","M2_a_M1_b","Polysemy",0.333333333333333,1.50554530541816
"783","sing","M2_b_M1_a","Polysemy",1.29411764705882,1.31171194829281
"784","sing","M2_b_M1_b","Polysemy",1.5,0.534522483824849
"785","spill","M1_a_M2_a","Polysemy",-1.5,0.904534033733291
"786","spill","M1_a_M2_b","Polysemy",-1.2,0.918936583472681
"787","spill","M1_b_M2_a","Polysemy",-0.615384615384615,1.38675049056307
"788","spill","M1_b_M2_b","Polysemy",-1,1.22474487139159
"789","spill","M2_a_M1_a","Polysemy",2,0
"790","spill","M2_a_M1_b","Polysemy",0.571428571428571,1.81265393434993
"791","spill","M2_b_M1_a","Polysemy",1.58333333333333,0.514928650544437
"792","spill","M2_b_M1_b","Polysemy",1.28571428571429,1.11269728052837
"793","stake","M1_a_M2_a","Polysemy",-0.5,1.22474487139159
"794","stake","M1_a_M2_b","Polysemy",1.33333333333333,1
"795","stake","M1_b_M2_a","Polysemy",-0.428571428571429,1.39727626201154
"796","stake","M1_b_M2_b","Polysemy",0.333333333333333,1.3228756555323
"797","stake","M2_a_M1_a","Polysemy",-0.222222222222222,1.20185042515466
"798","stake","M2_a_M1_b","Polysemy",0.222222222222222,1.48136573621926
"799","stake","M2_b_M1_a","Polysemy",-1.18181818181818,1.40129809949074
"800","stake","M2_b_M1_b","Polysemy",-0.1,1.66332999331662
"801","stall","M1_a_M2_a","Polysemy",-1,1.22474487139159
"802","stall","M1_a_M2_b","Polysemy",-1.42857142857143,1.13389341902768
"803","stall","M1_b_M2_a","Polysemy",-1.71428571428571,0.487950036474267
"804","stall","M1_b_M2_b","Polysemy",-1.11111111111111,1.26929551764398
"805","stall","M2_a_M1_a","Polysemy",0.846153846153846,1.14354374979373
"806","stall","M2_a_M1_b","Polysemy",1,0.866025403784439
"807","stall","M2_b_M1_a","Polysemy",1,1.22474487139159
"808","stall","M2_b_M1_b","Polysemy",0.6,1.54919333848297
"809","stay","M1_a_M2_a","Polysemy",0.25,1.54478595163331
"810","stay","M1_a_M2_b","Polysemy",0.5,1.58113883008419
"811","stay","M1_b_M2_a","Polysemy",0.8,1.31656117720877
"812","stay","M1_b_M2_b","Polysemy",1.28571428571429,1.11269728052837
"813","stay","M2_a_M1_a","Polysemy",-1.09090909090909,1.37510330190466
"814","stay","M2_a_M1_b","Polysemy",-0.285714285714286,1.60356745147455
"815","stay","M2_b_M1_a","Polysemy",0.25,1.38873014965883
"816","stay","M2_b_M1_b","Polysemy",-0.692307692307692,1.25064086135971
"817","tap","M1_a_M2_a","Homonymy",-0.181818181818182,1.77866139656663
"818","tap","M1_a_M2_b","Homonymy",1.125,1.35620268186054
"819","tap","M1_b_M2_a","Homonymy",0.727272727272727,1.1908743922773
"820","tap","M1_b_M2_b","Homonymy",1,1.04446593573419
"821","tap","M2_a_M1_a","Homonymy",-1.2,1.30384048104053
"822","tap","M2_a_M1_b","Homonymy",-1.4,1.26491106406735
"823","tap","M2_b_M1_a","Homonymy",-0.461538461538462,1.45002210416397
"824","tap","M2_b_M1_b","Homonymy",-0.5,1.60356745147455
"825","tape","M1_a_M2_a","Polysemy",-1.125,1.35620268186054
"826","tape","M1_a_M2_b","Polysemy",-0.8,1.31656117720877
"827","tape","M1_b_M2_a","Polysemy",-1.07142857142857,1.20666646429076
"828","tape","M1_b_M2_b","Polysemy",-1.75,0.462910049886276
"829","tape","M2_a_M1_a","Polysemy",0.666666666666667,1.36626010212795
"830","tape","M2_a_M1_b","Polysemy",0.75,1.16496474502144
"831","tape","M2_b_M1_a","Polysemy",0.666666666666667,1.58113883008419
"832","tape","M2_b_M1_b","Polysemy",1.06666666666667,1.33452327853522
"833","term","M1_a_M2_a","Polysemy",0.166666666666667,1.46680440124618
"834","term","M1_a_M2_b","Polysemy",0,1.15470053837925
"835","term","M1_b_M2_a","Polysemy",-0.166666666666667,1.72240142436851
"836","term","M1_b_M2_b","Polysemy",1,1.22474487139159
"837","term","M2_a_M1_a","Polysemy",-0.615384615384615,1.38675049056307
"838","term","M2_a_M1_b","Polysemy",-1.11111111111111,1.26929551764398
"839","term","M2_b_M1_a","Polysemy",-0.857142857142857,1.3451854182691
"840","term","M2_b_M1_b","Polysemy",-0.428571428571429,1.50457178749844
"841","tick","M1_a_M2_a","Homonymy",-0.7,0.948683298050514
"842","tick","M1_a_M2_b","Homonymy",0.636363636363636,1.12006493318265
"843","tick","M1_b_M2_a","Homonymy",-0.727272727272727,1.61807966991178
"844","tick","M1_b_M2_b","Homonymy",-0.2,1.54919333848297
"845","tick","M2_a_M1_a","Homonymy",0.875,1.24642345475822
"846","tick","M2_a_M1_b","Homonymy",-0.166666666666667,1.46680440124618
"847","tick","M2_b_M1_a","Homonymy",1.125,1.35620268186054
"848","tick","M2_b_M1_b","Homonymy",0.25,1.38873014965883
"849","tip","M1_a_M2_a","Homonymy",0.4,1.34164078649987
"850","tip","M1_a_M2_b","Homonymy",-0.666666666666667,1
"851","tip","M1_b_M2_a","Homonymy",-0.454545454545455,1.6348477827392
"852","tip","M1_b_M2_b","Homonymy",0.5,1.73205080756888
"853","tip","M2_a_M1_a","Homonymy",0.166666666666667,1.46680440124618
"854","tip","M2_a_M1_b","Homonymy",-0.666666666666667,1.58113883008419
"855","tip","M2_b_M1_a","Homonymy",0,1.5
"856","tip","M2_b_M1_b","Homonymy",-0.727272727272727,1.61807966991178
"857","title","M1_a_M2_a","Polysemy",-1.09090909090909,1.37510330190466
"858","title","M1_a_M2_b","Polysemy",-1.33333333333333,1.211060141639
"859","title","M1_b_M2_a","Polysemy",-0.666666666666667,1.49747261825525
"860","title","M1_b_M2_b","Polysemy",-0.5,1.35400640077266
"861","title","M2_a_M1_a","Polysemy",1.71428571428571,0.487950036474267
"862","title","M2_a_M1_b","Polysemy",0.666666666666667,1.49747261825525
"863","title","M2_b_M1_a","Polysemy",0.666666666666667,1
"864","title","M2_b_M1_b","Polysemy",0.727272727272727,1.1908743922773
"865","toast","M1_a_M2_a","Homonymy",-1.55555555555556,0.52704627669473
"866","toast","M1_a_M2_b","Homonymy",-1.66666666666667,0.887625364598595
"867","toast","M1_b_M2_a","Homonymy",-1.09090909090909,1.37510330190466
"868","toast","M1_b_M2_b","Homonymy",-1.71428571428571,0.487950036474267
"869","toast","M2_a_M1_a","Homonymy",1.25,0.866025403784439
"870","toast","M2_a_M1_b","Homonymy",0.333333333333333,1.50554530541816
"871","toast","M2_b_M1_a","Homonymy",1.22222222222222,1.30170827931778
"872","toast","M2_b_M1_b","Homonymy",0.5,1.56669890360128
"873","toll","M1_a_M2_a","Homonymy",-0.833333333333333,1.19341628287971
"874","toll","M1_a_M2_b","Homonymy",-0.928571428571429,1.32805732697661
"875","toll","M1_b_M2_a","Homonymy",-1,0.925820099772551
"876","toll","M1_b_M2_b","Homonymy",-1,1.09544511501033
"877","toll","M2_a_M1_a","Homonymy",1.22222222222222,1.30170827931778
"878","toll","M2_a_M1_b","Homonymy",1,1.09544511501033
"879","toll","M2_b_M1_a","Homonymy",0.125,1.24642345475822
"880","toll","M2_b_M1_b","Homonymy",0.7,1.25166555703457
"881","track","M1_a_M2_a","Polysemy",-1.54545454545455,0.522232967867094
"882","track","M1_a_M2_b","Polysemy",-1.11111111111111,1.26929551764398
"883","track","M1_b_M2_a","Polysemy",0,1.87082869338697
"884","track","M1_b_M2_b","Polysemy",-0.4,1.26491106406735
"885","track","M2_a_M1_a","Polysemy",1.07692307692308,1.03774904332554
"886","track","M2_a_M1_b","Polysemy",-0.272727272727273,1.4893561757289
"887","track","M2_b_M1_a","Polysemy",1.33333333333333,0.887625364598595
"888","track","M2_b_M1_b","Polysemy",0.571428571428571,1.13389341902768
"889","yard","M1_a_M2_a","Homonymy",0.166666666666667,1.46680440124618
"890","yard","M1_a_M2_b","Homonymy",-1,1.4142135623731
"891","yard","M1_b_M2_a","Homonymy",-0.272727272727273,1.27207775634268
"892","yard","M1_b_M2_b","Homonymy",-0.846153846153846,1.34450448407296
"893","yard","M2_a_M1_a","Homonymy",-0.833333333333333,1.47196014438797
"894","yard","M2_a_M1_b","Homonymy",-0.25,1.38873014965883
"895","yard","M2_b_M1_a","Homonymy",0.75,1.16496474502144
"896","yard","M2_b_M1_b","Homonymy",0,1.33333333333333
